{"cameraMode":{"drawMode":0,"name":"Shaded","section":"Shading Mode"},"sceneLighting":false,"audioPlay":false,"sceneViewState":{"showFog":true,"showMaterialUpdate":false,"showSkybox":true,"showFlares":true,"showImageEffects":true,"showParticleSystems":true},"in2DMode":false,"pivot":{"x":1.8313632011413575,"y":-1.901888370513916,"z":-6.185427188873291},"rotation":{"x":0.030977871268987657,"y":0.9685615301132202,"z":-0.18918581306934358,"w":0.15858985483646394},"size":6.155108451843262,"orthographic":false}