{"cameraMode":{"drawMode":0,"name":"Shaded","section":"Shading Mode"},"sceneLighting":false,"audioPlay":false,"sceneViewState":{"showFog":true,"showMaterialUpdate":false,"showSkybox":true,"showFlares":true,"showImageEffects":true,"showParticleSystems":true},"in2DMode":false,"pivot":{"x":2.508729934692383,"y":2.9890832901000978,"z":17.469274520874025},"rotation":{"x":0.2988198399543762,"y":-0.5327356457710266,"z":0.2084074169397354,"w":0.7638530731201172},"size":7.7762532234191898,"orthographic":false}