{"cameraMode":{"drawMode":0,"name":"Shaded","section":"Shading Mode"},"sceneLighting":false,"audioPlay":false,"sceneViewState":{"showFog":true,"showMaterialUpdate":false,"showSkybox":false,"showFlares":true,"showImageEffects":true,"showParticleSystems":true},"in2DMode":false,"pivot":{"x":-0.25749313831329348,"y":0.3927954435348511,"z":-0.2635350227355957},"rotation":{"x":-0.00018437228573020548,"y":0.9992187023162842,"z":-0.03988812491297722,"w":-0.005070338025689125},"size":1.294405221939087,"orthographic":false}